{"cameraMode":{"drawMode":0,"name":"Shaded","section":"Shading Mode"},"sceneLighting":false,"audioPlay":false,"sceneViewState":{"showFog":true,"showMaterialUpdate":true,"showSkybox":true,"showFlares":true,"showImageEffects":true,"showParticleSystems":true},"in2DMode":false,"pivot":{"x":-0.08654367178678513,"y":-0.6631817817687988,"z":0.11150000244379044},"rotation":{"x":0.014839216135442257,"y":0.9837033152580261,"z":-0.15078462660312653,"w":0.09680823981761933},"size":0.06466865539550781,"orthographic":false}