{"cameraMode":{"drawMode":0,"name":"Shaded","section":"Shading Mode"},"sceneLighting":false,"audioPlay":false,"sceneViewState":{"showFog":true,"showMaterialUpdate":true,"showSkybox":false,"showFlares":true,"showImageEffects":true,"showParticleSystems":true},"in2DMode":false,"pivot":{"x":0.0,"y":2.5209929943084719,"z":-0.6234052181243897},"rotation":{"x":0.19992929697036744,"y":0.05435005575418472,"z":-0.011103631928563118,"w":0.9782536029815674},"size":2.804896593093872,"orthographic":false}